subreddit,post_id_count,post_sentiment_mean,post_sentiment_std,comments_num_sum,comments_num_mean,comments_num_std,post_upvote_score_mean,post_upvote_score_std,post_upvote_ratio_mean,post_upvote_ratio_std,comments_sentiment_std_dev_mean,comments_sentiment_std_dev_std_dev
ukpolitics,181,0.059506235940724087,0.18945530119134776,26259,145.07734806629836,176.4304225014475,270.88950276243094,828.2669785295858,0.7777900552486188,0.19423519566207828,0.22109037880750826,0.04991923905499126
unitedkingdom,125,0.059554160356668905,0.19479345200090745,9711,77.688,123.2909891273487,190.856,425.6415973790095,0.7752,0.19761725796387647,0.20891550835833447,0.07400871719845153
LabourUK,91,0.047062054829228026,0.11472585000497483,1679,18.45054945054945,24.759852690399942,16.043956043956044,27.536203275733044,0.8120879120879122,0.1512137301490582,0.1980865805236741,0.09041572857427872
EUnews,90,-0.013712675698786812,0.18089058034940694,3,0.03333333333333333,0.23464053310389682,2.511111111111111,1.781581449001341,0.9624444444444445,0.09778802011954928,0.1767766952966369,
brexit,79,0.04828724751974944,0.1740919074661844,3348,42.379746835443036,67.40488147077279,49.65822784810127,113.73562305041182,0.7782278481012658,0.21489866123165147,0.21129197520013385,0.06877073995592078
worldnews,67,-0.0031593296145534977,0.211444524030467,6067,90.55223880597015,199.71823209151506,2260.1194029850744,8568.982029146166,0.7637313432835822,0.14605764554070946,0.20570502017565376,0.07496433940927677
europe,66,0.04135822585357709,0.11913362056357096,15385,233.1060606060606,217.8098061497959,2522.378787878788,7346.464143256844,0.8898484848484848,0.08585304840683251,0.22330565616744916,0.03257172434777193
AskEurope,61,0.07205219860352237,0.16719286936485908,3307,54.21311475409836,68.7653291405144,36.26229508196721,101.39146933862241,0.8062295081967213,0.1322518296587516,0.1931621018173293,0.04752590893228927
ireland,43,0.036847881370795185,0.18338252431678984,1607,37.372093023255815,54.2006955041538,76.32558139534883,236.58963074832783,0.8183720930232558,0.160607925923114,0.22786430132439128,0.05427127834815344
EuropeanFederalists,33,0.08338999354488505,0.14389915944203555,621,18.818181818181817,31.947666723736006,32.78787878787879,45.49021706350552,0.9221212121212121,0.10349388797646383,0.22844659942331613,0.08442497605666498
neoliberal,32,0.02270904445568418,0.06101679567793256,1118,34.9375,69.00955403701069,129.9375,289.25108386336086,0.9028125,0.09997529936874887,0.20136652556096718,0.0777007025205377
LibDem,32,0.06331627288666095,0.13492684228636434,295,9.21875,10.213003649680495,31.84375,21.265008931075236,0.9115624999999999,0.10392644343554382,0.17682247443738028,0.08080444021864511
Scotland,29,0.006531169056980199,0.07986775294731854,1119,38.58620689655172,41.41731629004891,117.6896551724138,332.2129376779164,0.8386206896551724,0.19260848775858827,0.24071845077096324,0.06907329024846844
MapPorn,26,0.0702724358974359,0.18417567633722298,703,27.03846153846154,34.273582560602875,72.65384615384616,80.80145657483772,0.885,0.08486459803710848,0.2245097649507221,0.07230559458311168
tories,26,0.05402680652680653,0.13327263200264572,475,18.26923076923077,24.040894646094504,12.307692307692308,9.548902474187202,0.8411538461538461,0.15736141644194548,0.2064375392470804,0.09750365969961153
irishpolitics,20,0.01882792207792208,0.08271980550120794,140,7.0,9.442345828068474,13.35,10.776558380406788,0.9065,0.08707377392339875,0.20680919570117037,0.11022939395360898
europeanparliament,18,0.07936714520047854,0.1288075824853527,68,3.7777777777777777,5.578905179919797,18.11111111111111,9.688616054202564,0.8783333333333334,0.07261907057904768,0.18781977908061587,0.08257065683451141
YUROP,17,0.10214624146419278,0.13387400259490176,613,36.05882352941177,67.90569801960224,144.11764705882354,312.67492751117356,0.9458823529411764,0.04717769911852046,0.21270716038955542,0.08559067709351263
eu,15,0.02526554439712335,0.12080223085171395,34,2.2666666666666666,3.0581662728473336,5.133333333333334,4.1895561760622035,0.7746666666666667,0.14894230266720576,0.12269521727360429,0.09078566612945232
bristol,13,0.1187571951857666,0.2968638090398112,140,10.76923076923077,14.423094017083887,21.615384615384617,30.679902383423748,0.7453846153846153,0.17529096690053103,0.20404453194805203,0.1247399001268264
germany,13,0.050274037992569465,0.07840741534165968,711,54.69230769230769,134.38029655631848,334.61538461538464,807.5444815882216,0.7338461538461538,0.2472697063780917,0.15879801433538876,0.07263136473760516
poland,11,0.07411189687505478,0.14739893150631755,434,39.45454545454545,41.90790769380794,37.54545454545455,72.88533959084451,0.7127272727272728,0.15900257287798264,0.24150476356967596,0.048664881387876543
Conservative,10,0.06680555555555553,0.2928243119600849,236,23.6,31.704188296746466,155.6,213.1656632762416,0.775,0.13986104214938164,0.226704993553249,0.06081980318242581
acteuropa,8,0.07679258620697696,0.10913373135310611,51,6.375,8.798335881615017,13.25,13.80217374184226,0.90625,0.08467374361124504,0.14211368449757178,0.09899964092206881
politics,8,-0.06294642857142857,0.18423604673995625,167,20.875,26.27566772292789,544.375,737.1938953122946,0.90625,0.09884150371753185,0.22924238275100126,0.10711597673025856
dataisbeautiful,8,0.05333333333333333,0.10185579597942955,1173,146.625,233.45170041910472,4530.625,8859.694189135424,0.89,0.09531901324349874,0.251099060893678,0.09232645015665793
imaginaryelections,7,0.033752834467120185,0.05938319748498741,97,13.857142857142858,9.651054716602593,65.71428571428571,32.257889400446345,0.9442857142857142,0.0662965918825251,0.23239677842700696,0.07133778603806738
Destiny,7,0.06408137497423212,0.14930106251241143,341,48.714285714285715,43.10341937601658,152.14285714285714,242.40697774021035,0.9199999999999999,0.0565685424949238,0.22108995506656307,0.09501077310403401
europes,7,-0.0035094890228818854,0.09626699756617699,20,2.857142857142857,4.336994790119514,13.285714285714286,13.199927849730667,0.9071428571428571,0.09621404708847278,0.13435181901227608,0.08782840150392096
centerleftpolitics,6,0.08411131581783755,0.09646198100913446,30,5.0,6.752777206453653,21.666666666666668,13.351654079801,0.9433333333333334,0.07229568912920512,0.24037185680879014,0.1300498318165277
socialism,6,0.09345238095238095,0.1124073342498028,131,21.833333333333332,16.005207485898662,142.66666666666666,190.3656131413094,0.8033333333333333,0.3123886468274202,0.1809174434288603,0.05652556164647275
conspiracy,5,0.05096886855304193,0.08088034014066174,61,12.2,5.585696017507576,16.0,24.20743687382041,0.596,0.25323901753086947,0.16158316174538992,0.10074140279537165
hungary,4,0.08474815115440115,0.08472083352092352,37,9.25,2.9860788111948193,21.25,20.59732992404598,0.7825,0.1386542462386205,0.13797940287470156,0.09622774948584757
cyprus,4,-0.022973853797717436,0.049911383350093805,91,22.75,14.174507634012077,11.25,9.069178573608527,0.7925,0.12996794476587936,0.23759005027040558,0.08498982207385118
PropagandaPosters,3,0.049999999999999996,0.1092906420717,332,110.66666666666667,184.76291114109813,1410.3333333333333,2396.0111296346963,0.96,0.010000000000000009,0.16221288280007387,0.07478089996683812
technology,3,0.01515151515151515,0.026243194054073896,9,3.0,1.0,5.0,4.58257569495584,0.5666666666666667,0.11150485789118487,0.4019680153312834,0.24359205588642013
ukipparty,3,-0.020833333333333332,0.036084391824351615,23,7.666666666666667,13.279056191361391,10.333333333333334,13.051181300301263,0.6866666666666666,0.16441816606851367,0.19224561978177576,
Article13,3,-0.05878140818617009,0.2576569434639704,16,5.333333333333333,3.214550253664318,42.0,26.627053911388696,0.9866666666666667,0.023094010767585042,0.14644250975145842,0.15886657030515267
YAPms,2,0.07713636363636364,0.1090872916066883,11,5.5,6.363961030678928,10.0,4.242640687119285,0.915,0.021213203435596444,0.23870028053281708,
pakistan,2,0.0,0.0,26,13.0,18.384776310850235,24.5,34.64823227814083,0.56,0.3252691193458119,0.2600101690349242,
Luxembourg,2,0.09436345966958211,0.1334500844571696,19,9.5,9.192388155425117,21.0,12.727922061357855,0.88,0.07071067811865482,0.176771860217752,0.08450229684493173
EnoughTrumpSpam,2,0.0625,0.08838834764831845,6,3.0,4.242640687119285,80.0,76.36753236814714,0.8899999999999999,0.07071067811865478,0.30456406210863013,
armenia,1,0.08690695006268777,,41,41.0,,22.0,,0.84,,0.15803852348754294,
VoltEuropa,1,0.0978675645342312,,2,2.0,,4.0,,0.83,,0.0,
EuropeanArmy,1,0.0,,16,16.0,,93.0,,1.0,,0.17383527895011616,
CanadaPolitics,1,0.20626546072974644,,29,29.0,,7.0,,0.56,,0.1301274841261398,
